Agent 1,Agent 2,Agent 3,Agent 4,Agent 5
-201.87123781723275,-187.42378284721417,-178.2015352063598,-201.46728143376583,-193.54578178318988
-207.37780258590647,-196.0172982276094,-152.70711925746835,-174.29097947920957,-188.90658920768823
-177.05098120069843,-207.4978249773009,-152.5935517896806,-177.64813229076034,-274.70184940932376
-223.4639989787682,-223.94885193861296,-208.71008795784647,-260.17020660434605,-230.7481439952562
-201.76276134269267,-180.67196573666624,-201.50062519778228,-168.67069369672936,-199.36291312637772
-172.3525391363053,-186.83917545661066,-204.5427292688525,-182.71022543890345,-195.33679871156534
-186.5221143056038,-236.4088259852346,-175.150515722407,-217.8456845727461,-241.07953256784907
-217.0409793242901,-195.04991256730727,-206.72994370643355,-187.29038720123634,-220.5451330191566
-224.9626770165406,-182.04456286849216,-187.39280375289445,-162.88733329952237,-315.0366957622875
-177.91770219143845,-234.4430385520552,-199.18096276374115,-177.76416541086212,-341.67341626103007
-164.96411188660153,-186.59857060547608,-171.92022769175216,-209.28142063812052,-332.20565979043243
-216.77309773743448,-177.54555369560498,-179.36352284781788,-184.88680812477756,-224.11733380542682
-198.35825388230168,-265.2114340767332,-171.82717807289907,-150.32522782790846,-235.04608384746538
-208.0931016404038,-224.66762138619828,-232.24570603544328,-148.4896672859725,-392.34414019614405
-192.84541234928273,-212.4888313955714,-261.94760136505926,-171.22766505812368,-410.7611613176444
-183.1147551415149,-192.29289002548094,-283.4231570444931,-162.47240066787688,-276.9303101447377
-153.74920109656344,-215.27901802192483,-232.0645010595766,-152.0617790123654,-353.14101005186967
-174.69053546378308,-204.98822739097236,-191.78325001824413,-162.77172976064165,-304.2991375563299
-143.43873566342702,-172.8893804382865,-224.09995923238094,-172.42694410164592,-292.2993542550513
-156.97929421392124,-189.93723985226066,-178.7453382126348,-171.2496426028622,-251.9880826033836
-220.87459672715713,-160.4397910947535,-196.87631975758183,-148.70036684343222,-295.65627890742496
-150.77425279420623,-115.57875551224379,-162.69777905623351,-148.3510189440292,-145.25721721435045
-174.74641774666398,-207.4341588212792,-195.77196609555742,-162.44918402408115,-211.68174340832567
-207.77996622550043,-230.79542545584675,-144.4107768998521,-197.49939770560098,-178.13102529458507
-186.17265368003135,-141.583890712119,-208.25692312852854,-160.61819234229787,-235.41958458619362
-166.47029048678232,-224.4969988016639,-224.1460741345876,-128.13767469112227,-196.77761197265573
-178.84921777955276,-219.24239499397746,-190.59001541132153,-145.0221856478421,-140.77236212968367
-160.6539197809751,-231.77533729822463,-241.3229759542117,-133.70261747968664,-142.83133850995793
-149.00899971630577,-165.25802788261174,-216.34719919868812,-110.51345843801667,-147.04665595144039
-125.34151672322538,-176.3516209332525,-215.63074482138802,-130.98734532087337,-204.6205623772
-175.36470182197544,-165.70164787388555,-200.12672060807483,-123.67075761702642,-172.04241738542805
-170.16044831356655,-239.6103441677711,-223.18718411030767,-134.3575716059764,-214.12038907064132
-134.70959878219676,-213.6911819837376,-214.31391732596396,-124.88541576915858,-123.28530563561802
-210.00890385408806,-233.69597503924902,-193.111016248242,-117.93870776465936,-109.49383361119095
-194.43051434768475,-164.1799366939249,-243.7049903230321,-122.14089281536936,-117.53600913168931
-197.42002781082945,-177.98571082874884,-291.9435507943807,-119.19446578976692,-83.28103908390386
-173.15655121931687,-177.47194818832796,-268.9945312922346,-154.89839705323627,-152.35094941662624
-160.88249887681098,-182.18427255576577,-270.3594314216141,-116.74597327012478,-124.282285987633
-167.465619425305,-136.76455833547993,-209.80966502416808,-240.8286751377481,-98.08962097439539
-131.24148047010306,-209.39275876091222,-183.0907808966444,-105.2139833223623,-119.73796793385858
-132.75852070873415,-224.39799254834094,-196.61505630192758,-145.52010652079554,-117.66387236323872
-182.27984245627934,-164.94897069002667,-187.03932864635823,-118.19877664187567,-120.8149884462266
-171.91025190604879,-199.2936114432919,-247.68670429675493,-109.93773785445734,-113.21551001793341
-152.8184023495246,-187.51193696872346,-176.14228615245594,-58.95113988197371,-158.14356569807575
-156.9873724738751,-152.48464658965534,-232.91171181087543,-118.6084407335615,-156.28145168891166
-160.06405281890537,-205.18303961932827,-200.15008862785658,-120.90663532032728,-253.35017534503547
-176.43092396550685,-183.6028339371967,-233.20612593749382,-84.07790293632162,-246.9848928912677
-143.34220596105314,-288.79333290296995,-191.6123025726963,-68.37574668898179,-176.85568229054272
-210.7801144941738,-153.71133750821286,-196.77694951906798,-113.41567257707314,-46.27860371882876
-179.7617974419327,-196.45368689021205,-176.99735460576616,-46.57435102575807,-105.00040982963594
-196.34795968430169,-229.75332101056256,-212.1169713134403,-33.35174645434446,-102.41602233271773
-170.35208418739302,-201.4929035251639,-167.89063212469588,-51.91928804309169,-169.16611796440222
-207.95296665563413,-214.90601154208684,-240.2673593565859,-44.064120354945906,-135.00783415938136
-217.28365695700177,-203.422279567652,-209.80462128374953,-44.27748246101184,-150.83059328484865
-164.79419169167352,-220.44039402891022,-188.84727523485378,-28.03401477614179,-90.41817998008312
-162.50424705746966,-221.50836555196656,-217.78189308563455,-20.196860166024774,-49.61449210437736
-109.0572965911807,-181.02246764356536,-235.73904109001901,-19.317821591269766,-120.68485559974471
-132.83556218362426,-224.56157330172059,-173.03119382053995,-78.28272984605742,-51.782804385286965
-186.30792237864418,-174.98055832340052,-213.42155171847565,-45.38392166077587,-102.11762915029232
-167.6188325577194,-194.8611801819522,-261.15950942160947,-38.2085154013421,-22.315670976072905
-166.43527578541142,-240.62603347461314,-200.17489245085548,-122.1248453844272,-101.41532000497162
-194.07334319827964,-225.1088444298772,-214.73917152742436,-45.28380639048469,-42.43359489851791
-179.38939716377288,-158.4922877792259,-205.4539413612209,-81.2374371716728,-34.01447231271421
-136.5672166430834,-181.60670730980868,-194.22352983435246,-25.756274748506502,-15.465882812965692
-195.51036897435088,-170.69839831696572,-181.9779181381539,-222.02033357520077,-50.6000032490235
-146.25505653422334,-182.7890691215073,-245.9331779487232,-55.87971009082465,-144.12254079827954
-126.65656745364437,-197.76891409507286,-169.08395003640652,-40.74008388206007,35.154682551166026
-148.56829521712638,-167.09216849343963,-201.86491255912864,-76.05530919913664,50.76555878775853
-138.48363444934307,-168.35659047092258,-181.4685069008731,-146.03013619527977,-54.87898947842316
-110.5857802834768,-162.02293329422636,-330.0945346938622,-162.59707798485783,-51.571486138680065
-169.43449786106413,-189.46444263958904,-254.34091941858728,-26.05900237132775,10.829118529340002
-130.90774479996426,-180.78945123971954,-276.3693100603489,-123.06907722882822,-69.73467531992132
-163.2219962077876,-163.8592635692403,-192.01309593756608,-56.05878220196317,-172.36661889527355
-131.60345594168152,-171.18872769755495,-176.98869417637457,-181.34033551255132,-12.44337082521206
-115.57051730056905,-140.9359239739895,-225.77595800345358,-224.3807928037813,55.8397815020684
-139.72844200941762,-155.54645438323382,-151.2417976359473,-56.81650884340255,12.958309601389468
-121.15141734823585,-148.076544957565,-182.23693333721175,2.6330742261294224,-36.543136354574536
-126.3019929874506,-147.83856048053642,-175.95029464836315,-166.53225927256508,72.48672779915448
-137.56334188507807,-228.4467879163317,-171.28453204363734,-188.72811329758866,-17.231454916190433
-97.19160686968986,-189.80290762808738,-165.057148131196,-70.55896297178938,-43.566598844552516
-135.3161150382659,-232.3584964974981,-163.91623450466895,-116.9438152818587,53.89050099563758
-111.55392909702728,-173.9491465706409,-233.14943430902915,-154.394502561082,-20.66939296135085
-132.9787770418712,-147.79011590877147,-210.8129545853303,-88.25583127665838,11.99061908412124
-113.95594672712139,-165.59860446815273,-169.09517568318176,-42.25732830965687,1.0220129382787748
-118.2637099131824,-121.59896602566157,-149.37337028725153,-17.15066706375751,120.27038154982617
-159.10533663485964,-174.12448185219017,-160.63402756881322,-58.78439567681132,66.71977155394065
-137.03332129761014,-187.50367406136837,-222.6807400611984,-54.65768255307664,14.963574378175704
-121.54643771960104,-143.40660101818727,-188.58064364024227,-17.808861423149004,6.193005179997932
-129.39029179483964,-133.80372439707116,-175.13852242733162,-44.703317594168325,2.1566353474016093
-150.47629467367972,-259.4759403688029,-234.35748144080944,-40.199890869563404,36.05680938231227
-147.27645569172785,-156.87919688889167,-171.4641362871499,-131.8039510711527,20.087136918918574
-150.02486924631003,-133.99658311774286,-270.93952144828955,-81.86484497910813,61.0123064074408
-146.0256636059739,-222.24847685297897,-235.58347772638555,-212.34122945682637,18.941717862700035
-121.64971765449472,-187.17699759112668,-223.1785792332492,-106.0837361667456,76.13030567500257
-124.46865396159133,-150.1238001661875,-219.52016836354747,-74.44399781884125,24.073639023426125
-131.76137975042747,-180.63425862214643,-233.76804536935308,-48.26445786917682,84.02537562619489
-139.35928638305606,-109.46327684522305,-166.42779365150403,-31.09943034684007,45.91869043119586
-129.22999212524607,-123.24925248289418,-185.3285574065759,-155.32102599754904,77.98720530799719
-116.76764405134918,-149.24417519533895,-228.27518821684646,1.6302496899994867,-19.740496888437146
-120.66424097061736,-156.08697972632572,-166.78823836149076,-35.81239325235065,-116.99908047117125
-136.0546051249008,-157.3881124786939,-188.8722375160169,-37.90425320198314,-75.23237592195295
-113.54757975275581,-214.64417887501693,-180.0589458219732,-21.109103119000373,5.349197655814434
-125.87146390711362,-184.56509839161097,-143.32110306005004,86.56265820540209,-53.00786500935512
-117.30196767690038,-186.58728706677903,-205.91781591420948,-279.8775573623676,72.34554661721225
-118.54518931803706,-135.2538182302013,-160.19186723034196,-71.58250591945227,67.96706336841466
-128.35818835388335,-201.42618345177397,-211.9511634030081,-217.7741912039885,-39.286620029436236
-104.5671191597698,-126.91569390381312,-143.28396366926611,-166.56704117876683,19.992083830219816
-113.44586313525708,-214.41437066941623,-142.4110028326399,-106.91216779869406,25.26061810605131
-151.41831811658113,-155.5054315200661,-153.14686379727127,-72.88176422062097,68.87707668926467
-115.54147993622301,-165.5152939040351,-221.3257263016631,-22.769837750138198,63.24935441329922
-187.04267304638597,-176.36019916730004,-196.03245796701066,-31.355553215797354,56.49535473650924
-83.70753345308115,-124.05475268020791,-183.91066170614056,-56.199940719636636,50.553897557064985
-109.34732100176223,-154.76295152250484,-210.79696156168876,-42.34200777494409,-2.4200895054254588
-87.5539514054875,-122.32660881986708,-196.70291574550023,-136.14789421929018,103.60284379300171
-190.30617179066243,-147.00238146347442,-178.17006452795195,-87.13073269930746,95.73622368563358
-92.25949966782777,-178.8527801346821,-145.31938427384196,-33.773166147622334,17.700005261810986
-112.7585460988882,-150.25071016060474,-134.0118625678853,-71.42873174898787,50.26847847007066
-72.5752045290782,-192.83839624183696,-211.23860658799694,-20.410891814436745,112.75789680650283
-160.23205825073882,-193.97163157144328,-194.8263774059332,-6.511145936917744,17.50158506269341
-107.95705339097997,-145.86861435703807,-155.12647847439672,-18.860008097241046,122.88025934458638
-124.03042555836629,-170.82798591918916,-233.18595799446047,-2.612025993181826,-0.30539703828295117
-156.6419606227956,-176.24151700083468,-141.55149405042323,-12.297507915940294,-6.626377214199063
-176.89269437908624,-160.00581882207837,-156.85680773525803,-7.983238467061168,-13.185564943521344
-112.4628078030295,-173.16632186581108,-167.65331242817564,-70.96382403036228,41.60310114616643
-87.62654629612769,-203.8454242807967,-155.53696475905858,-433.8250311380494,89.81311548178564
-85.1019005902896,-185.29720515819596,-186.6279684667341,-71.05804152597331,89.53956193370598
-104.73343152717672,-176.28170308651764,-142.97394550085153,-50.5947343343772,54.8076281432046
-81.67141536989965,-151.96210128401447,-165.67604154690542,-161.519466552529,84.89454094259318
-75.65223511323038,-193.98992191222413,-140.391792977968,76.22583855245188,21.46603409761961
-107.26261297652528,-190.5662508392367,-172.93850499075054,-28.78623970404766,73.97896820869497
-92.23550573574751,-146.12987048986636,-165.16712849271005,37.23226265107984,237.83149299468658
-76.05589409951459,-297.56148367208345,-184.1644055182046,-137.38545270603245,120.50679688611369
-95.36968114340705,-208.76062944768034,-124.38749064111217,30.47401085939306,72.64829322107886
-116.55586713912881,-195.3081328818249,-172.30497740790452,-13.484887534043159,146.95061525464604
-148.52858868474615,-182.60182004361022,-145.81926477464438,45.5639945806168,97.29649746765591
-89.57674122055136,-170.42209656904188,-143.78490913649404,-78.62193935777586,231.38630174161455
-83.12549419454066,-162.339646316346,-141.58802963675643,36.929760936863396,141.27809065508814
-158.54259576172598,-199.95269907313366,-151.02211950632164,-35.05636902129362,78.64356784556324
-89.60670070954083,-214.52035678276434,-169.5282944778949,-21.75961068604148,184.65715927334634
-93.12745914901926,-153.06516779381204,-141.71925533693,18.24188486438159,203.97183847735892
-71.0300926523027,-186.2494393293372,-143.46927343009352,22.234885840599347,196.14509212891807
-56.759431731319864,-182.71747396994317,-133.4451335020937,-50.981766719819205,157.45750462659365
-125.61227721854569,-176.12731273297717,-170.8550490965465,-89.55711392594797,137.38540789059206
-76.18164336766577,-145.0400195895948,-178.17137497346482,20.152858635521742,188.32044200939427
-105.19473200820472,-166.86434483008532,-202.26380869235206,-100.84795996903377,128.75777497098377
-87.5846292308529,-132.78959685864766,-152.41660353951758,80.69608416340438,156.95482619222966
-68.2829550818022,-153.4459031282406,-204.12924102828404,-27.0961751902005,203.63122856400233
-100.71663264432812,-148.9603976379504,-170.7961199932473,12.816123667104769,129.4077169732985
-96.2115024343611,-136.38719318906416,-187.58479604940877,78.16399989351858,184.6969256366488
-88.77028398476295,-175.1392869753053,-192.74349333514095,-88.68548365051325,251.9840876713625
-61.33540149022989,-149.95502880835582,-256.2498812859182,56.71957837198651,144.4015611767124
-85.92053635171223,-192.27791794671637,-305.25383387246484,127.26080904569494,254.61060815337214
-67.06727983114808,-93.42867430053171,-292.8305976718945,101.03288744811796,183.49576809617906
-120.19779144306042,-152.5769186112605,-278.4799836308252,45.47902729760234,89.55075421696863
-66.22913562490953,-146.56547260385446,-281.94817984069357,-7.397589160998483,63.30359824347059
-69.32042108827368,-133.40257914814424,-196.49211663317843,129.70744339292952,271.36548033308935
-65.22279709016028,-133.27301426425967,-206.14055809899466,49.43428725889895,182.33871176450842
-61.77285154942623,-198.20172527033796,-216.17354300164692,177.94752275986244,233.10584846369676
-144.71454077760242,-187.84017780054765,-248.2909143990792,25.608062230606684,193.21470128190185
-77.87506469672437,-153.75582253846528,-202.1713062917581,113.73055004978634,217.43388680207656
-76.64695914977891,-152.55667791096445,-185.37927337146712,52.629684928829114,238.03940639307274
-74.82982057534882,-178.73020239350674,-152.29979842215445,37.840782270947315,264.12800015082286
-101.59439491651972,-115.56726069358325,-132.0020907104327,187.47720107963883,205.92613576184468
-79.92498882127406,-216.22962409560157,-135.72903556718668,75.81963597521063,238.51098876719223
-92.38787718348868,-163.57653850509925,-193.41604877462808,15.947817834205532,137.2057072806195
-84.01581424590705,-109.19688251844818,-208.03494503421976,88.75787859656513,235.54314755421373
-55.47272889824758,-211.40002169565003,-194.17717663015918,129.55954960442702,220.13704393481154
-114.14982299828695,-184.49597126847493,-181.135851879288,169.76773950989212,139.99778560110028
-59.23509055162439,-164.50528612452257,-130.2973539277235,238.7603850797622,180.55854067276528
-66.7075388542422,-175.8755820534314,-158.62320059783622,163.4264649322623,212.21550238652438
-112.48193222875834,-172.0706446935513,-206.29192241207943,98.2202637399088,272.4685996584837
-37.63747093762158,-169.3608544354512,-251.4143477187731,43.14288800346598,274.0176582595454
-115.42235383068883,-180.13357560448998,-171.69892966437737,164.8662418482975,202.24511515658617
-71.60938964339367,-159.07194572469461,-216.6917489596919,158.10978966498564,241.48668933251832
-64.14151408779405,-138.93111908375954,-203.64077356559318,178.16217100504792,199.51425327023833
-53.73345716736885,-178.30558557220914,-173.4459793841071,103.46291913068869,173.4094565407296
-87.8877971024701,-186.79680593282123,-225.3623245214776,231.76520247688202,205.49574166665576
-44.209211861620695,-156.74709706807246,-249.29326171623785,112.71511447242415,210.27919429787303
-51.590675429238175,-178.83576366370554,-193.72849788625567,113.80269001813727,232.99743347574147
-59.09768401322301,-149.42597080526278,-211.4467973216373,43.089806497611036,232.88706011879438
-92.19207141469624,-194.81456430558046,-175.88932394247686,102.91232950669442,212.53774775176953
-76.24302634775945,-216.30896667710292,-147.60615433256285,179.379388582391,179.03193165309494
-131.2054932588283,-119.87678127202453,-151.65046257970826,27.933549922518694,259.9393444074437
-53.994822370885885,-189.84669585055403,-150.21812235996651,152.33709209221675,163.12826152345536
-89.77323623245137,-130.20518016926172,-196.27761540028587,105.8669907263794,266.4275542352098
-71.23674659610008,-153.2860286346831,-190.50241402254827,143.2253035841671,95.06510533130586
-60.62236529509139,-152.5832751454307,-140.31791828456,129.57599412241262,193.72731649118808
-95.23442797777514,-230.17895333210254,-154.99638727859613,51.12365464370027,258.0443451096924
-89.1944513495863,-119.34369632935193,-154.85113289346828,236.06732484936956,257.9092114787209
-60.94405693285538,-143.4701185964243,-148.5263141097375,76.92983080391839,257.9490522171669
-67.83656775315198,-153.84036822340477,-194.78169236769273,117.29254955440828,226.28046922244167
-63.147371813884845,-110.65746208498577,-185.9709239182438,138.64483343695707,184.89563590695766
-70.87919491183293,-141.7867899770145,-196.35240939904676,173.28130556080419,215.03321103534958
-39.81711806867607,-145.38956016352833,-186.68842980267203,255.64488695091978,264.858501745991
-50.14545419309386,-117.30587063873593,-192.09155976458757,123.34067021312084,149.63976902942636
-58.92581233659096,-150.49573939424383,-184.73307998785958,220.23061904645306,261.7064029765761
-46.98874935676614,-159.58477608084732,-148.66325787466084,240.11837638454278,184.0891514648466
-106.22808818313494,-163.25755713719028,-219.71518971526936,165.62247356970693,257.8097154376463
-39.701742393704954,-157.2968574058253,-181.25348231214235,117.56965905287738,268.3177792426205
-49.583908191814785,-190.617487474004,-181.04818617889737,39.192930618046766,267.73255518802796
-60.100686803194186,-136.87764840994524,-170.69039849769828,113.94099586188585,219.1528818134474
-83.25674494328256,-202.66982029730835,-163.9553934433096,261.20237559113787,210.2875829149613
-117.91928462677349,-144.03498437253177,-171.69246405330952,58.04569820301236,128.9023158361271
-75.12967607792872,-121.87417790194726,-147.5124229146777,175.83124007874275,192.6244084144118
-114.66070889653582,-130.20049681386928,-191.13386392391152,183.45384966011207,200.48431300212462
-76.35133590007864,-132.83639850857173,-186.26822786358161,220.7251183277536,235.375343337782
-66.10666810613009,-101.95625494970687,-138.2688764573246,17.91539687152613,259.5022746911657
-93.07529708251535,-185.9876871827864,-160.49096967635217,85.49247489604984,183.80835396155032
-27.102997127696078,-200.8914558010653,-160.7143988884967,55.64146733015771,267.50596380719435
-165.37245679241704,-141.25093822998525,-184.291379437514,169.43873885548118,227.6248256444802
-68.68591474465562,-139.16222804415804,-193.5822217610346,68.41671679604849,272.31861367168625
-173.00103365103055,-126.9919075156422,-167.0882368161823,95.75668487629943,268.50574804804893
-18.792431479880776,-125.46562898115273,-229.82792297151866,119.4431373050191,211.52390350531982
-104.63932402286436,-135.16872546806928,-193.06314459251823,157.12651756971624,264.62642286718875
-62.32617365779114,-101.10451658942024,-181.45678051532144,247.6419855616456,173.30494552756994
-40.061627628527006,-116.2871994349281,-199.07173937969114,197.1618033125678,266.8491444647377
-31.30819281060643,-166.55322084727123,-214.2835280781371,221.67894948475376,270.2536707674833
-99.45645531267056,-186.42904095079768,-134.73843722764687,118.63583867829986,236.0643067273823
-46.6262658673433,-133.754630389536,-201.49563978683167,147.21927487524195,239.42101460626424
-30.258720031346638,-179.63370556972095,-187.44773615148048,247.047145451262,239.16379561696027
-24.191660476499827,-168.81505615952605,-216.907116158099,132.62346674089946,266.1965238297253
-94.54022648469135,-164.15473478518385,-230.13282462150855,248.98850918578827,223.5335269760687
-96.76121968698895,-180.2892656028738,-182.64079522703435,107.3579674089771,213.7697646849936
6.86885403853977,-129.72258834752108,-259.52906849099924,189.75289992583322,254.85547696511844
-40.49589761815556,-117.02220389288154,-290.6465331256094,175.09583306906924,218.53063995779127
-99.5496248106258,-165.4290475208271,-178.27314420494983,256.22585857764597,201.67227268228206
-38.92213863383661,-119.67628246489316,-169.27133839383,152.0169465592895,280.87091282901537
-37.747311364775186,-217.7204389146335,-186.52364543268948,59.89471390236263,258.63097784038274
-40.351209165906724,-135.96074812681817,-202.01493333193832,161.03433862619826,269.8274385550191
-32.652018054493645,-172.03930750767822,-156.33428658831411,72.65931825738055,276.837046681464
-96.18621395142578,-123.04925693878056,-208.77030966791932,179.68561697347172,235.2276094428833
-50.98169321434472,-99.63478573525818,-185.38109584892828,100.97325573651719,243.36947540323547
-118.1990921374005,-154.24100859492566,-175.2244257457449,173.30280973007214,225.56075803269187
-24.31478395369162,-136.906318589392,-261.8005647305425,158.11875656063557,242.90801088098397
-55.91976860273868,-104.44992004991317,-263.31007346994386,168.58343074885673,265.2698866649437
13.330116541301651,-137.47768982377576,-208.99467357067098,174.68043952296182,278.1246970173921
-77.27628431350004,-152.74552529826695,-262.63173528349927,165.00318504191293,241.63450581905977
-117.34949748269267,-139.18568715511998,-289.7114518072478,182.42335784858912,260.24170234222026
-39.94979580547117,-148.6783556662663,-256.36247009852667,224.58063474203712,203.1829125263835
-23.08337094043512,-95.50818909387479,-223.94094170486986,122.66107562783486,249.62331536027372
-14.751534806603416,-114.01357253602163,-214.5358158321059,136.63266972167088,233.60464279945018
-92.14813124463208,-135.48178936692415,-158.50852382812687,132.7270606610247,255.64536365161413
-22.67823692094444,-173.78879512951417,-159.72431437994925,201.49560172933192,269.40240423826333
5.57571646594749,-166.50756529128967,-144.0450651927579,170.73762479274157,222.18098352857433
-52.483590218261014,-148.68859770067374,-139.167498870696,147.6801141647134,232.31667875979727
-8.752877705162415,-137.54734013183665,-124.370807519909,206.3664274751382,170.46690860777298
-4.0856296395619776,-140.48827975038355,-173.63800931571768,188.42274699512555,256.13995449889114
-62.622218219050836,-131.9699251095291,-149.10585003830695,132.3501364874773,239.6580112201711
-70.71099742571673,-169.62265958009561,-251.04624586698148,106.47569359941298,269.89747786229367
-76.24006015678304,-111.33929033843572,-202.60280032463518,236.5206196130517,266.2435876111969
-2.3646011376425626,-168.81241519555581,-188.0583733555165,236.10361543286368,208.46755793166534
-114.58047516779084,-158.22708194844404,-186.0339676966811,263.8832573639049,280.06718089920577
-82.54103569674041,-173.69996583602938,-160.9758357590131,229.4296083608578,269.029971419775
-92.59149371410477,-203.86772612548285,-172.14547064054184,91.13429993031731,232.40176257247273
-97.87896158503274,-177.75995735288978,-161.31693066019565,259.3373703225101,265.31071320426486
-75.0560569887945,-126.14771524825424,-190.87982303488357,210.36811134883865,195.7083162835945
-28.75676285569005,-149.19314279977038,-202.674690322301,68.21293970283466,266.8287972172509
-70.00577727196932,-195.02578483380177,-218.53484242800636,208.45942024654232,218.99370797991
-15.432150821291476,-160.09053993259633,-226.2485882453416,190.42252811429364,234.57372568264813
-74.41641558951221,-110.93754189797868,-147.1123466280354,189.50747463607493,252.70350794043614
-142.8562907934674,-211.93990281677407,-185.1357952394966,214.85214722873462,276.3422828821631
-54.71146555420099,-142.8602609673565,-218.41413736713287,154.30547688174778,263.76365547506924
-90.98464053022686,-119.12178304113452,-158.05256008965142,128.84797036984733,281.649922074697
-29.176697137128848,-195.5644848497785,-207.48393571341427,133.08663313197053,243.7421812607313
-37.950303243752934,-93.1955307926865,-205.8220894385991,176.56975952636108,281.3056754579952
-13.775621807900762,-134.80733114288282,-188.5466517838432,222.43400092408436,246.9075636799858
-126.62321341996939,-172.30305657887286,-163.31904795322677,182.00133771294733,235.82457579220008
-11.83875330438018,-118.5216158660903,-137.6051492385008,223.62808534502378,275.70277079204936
-59.45760454210029,-138.38808300239978,-163.06457844741166,147.59682034275755,284.0051406607889
-35.84806524599712,-166.99431390531723,-215.9605593850621,185.47633381946736,270.3900463212732
-95.33781262832862,-124.65648591548036,-217.44650341585162,209.56513836080237,230.0742519134125
-21.009541318349054,-150.86732281906947,-270.35167387433705,227.25841978933764,215.81454183682095
-29.695352141853817,-129.1182850690201,-245.33226947177477,239.31026615834662,273.24593465582177
-26.61814500652126,-155.92078117503286,-242.27460912397328,176.44074802068644,250.8331972413581
-67.41602740410134,-173.2487053653763,-192.9638765361797,186.3028515119116,194.90591397100792
-32.292027595819306,-136.09430364854256,-238.6029867418871,198.01475389098147,275.75510052864564
-20.35102710111045,-164.52899390155403,-176.10601278121817,196.0052299324091,253.01885168208238
-31.790666221711053,-117.0858262878873,-290.2687905951551,236.46718254177793,250.8379954923833
11.869656696901924,-153.13821118416018,-313.94666326888006,235.43676263071742,208.71761435712182
20.65264973445654,-97.3401754478259,-318.19586896589834,131.2003141766099,292.1939297571721
1.4193117424083246,-152.6802123158695,-240.2053086978192,216.91247225761273,276.98896885670325
-34.346027017373224,-144.35827299931242,-216.44119981882494,141.82028316650056,220.8594037100178
-20.564312949674633,-137.3319188664721,-191.7215163690241,241.35665001701136,195.6241421727113
-44.82356724456266,-138.75611703692448,-165.38873317261732,196.81030065633215,226.6640821871552
20.34640849852744,-110.2203324853111,-185.32176184566373,96.31345118668396,284.10152347327255
12.547983806272034,-107.99070458022638,-162.55842439962558,208.89183569509177,256.4904410443374
-34.31477683763326,-139.60791241769815,-210.10175998075346,155.50686122213136,209.71743998116335
3.697059266004988,-102.06136107695775,-224.36369199670816,144.23070492560012,262.39067271571236
8.629679133795285,-84.64725546167604,-242.17247910450573,147.93010278430552,261.5493303395531
-17.716513052012804,-144.90364639558743,-203.21081166493389,156.86611258172238,264.57404239029455
-87.45583872578715,-128.99506013888106,-206.82965201084033,216.171375253424,273.86306457656895
-7.788048552539601,-100.46203018649511,-204.4549313124118,234.93920513080613,266.8430190100071
-81.19289859460525,-145.72836684497642,-206.78153270060884,202.7971430144871,253.63296862997504
-61.30034381106726,-112.0847012321056,-229.34775563655728,147.12837353924232,275.1606604760256
-4.820044521570791,-109.34132808024106,-161.76759232464713,223.05439730233365,246.37051559012414
8.976624529665553,-124.82046215928781,-184.53018443350007,104.97971351812295,223.68422471518437
-93.70053281353879,-92.57862506525217,-225.33320148809486,184.283174694198,258.0462469554347
-38.492238216786525,-126.55980785194019,-224.56995723290018,155.03274724729835,213.96070833987307
-55.333451154793664,-101.47634309917028,-158.7979039481078,179.26416411212537,184.08308231637793
-2.464173768146841,-148.54231810222558,-274.1886341425448,221.859016182055,280.11983410661304
-8.583893322263998,-106.97226215133908,-208.2749697126125,140.93583401009354,227.3602247812988
9.137354502869185,-120.33110839762371,-181.39552839077976,161.74010785141027,275.2806676439902
-14.540823947974904,-136.4006364244736,-161.01011604185743,103.23411564428005,280.1914841392419
16.431498407883502,-103.03832477032732,-162.13723007780254,229.19806622897624,267.54068851310126
0.598720759279081,-83.06843825130869,-151.8318733365568,113.16534668045539,237.16265289141356
17.73438555039434,-96.58004133381726,-187.55673131287816,213.72518116932147,252.7049148376665
-8.577208897040574,-148.0462571205089,-133.0484921319589,206.62726890769656,277.3888938312514
18.561523176155834,-218.7071219887232,-153.61356591446528,171.66358017502722,242.4810769559065
-17.94374737243561,-121.63913140145878,-164.72507375543523,129.1806204681332,263.8452258743284
-12.770961781809236,-101.72464611634808,-160.42040849451158,159.12673825014875,230.50628436833898
0.25399594022270744,-151.06847376267805,-210.87127665296336,263.39916829104465,247.78471846986395
-5.232201173968466,-126.93329436992214,-162.60339002134842,161.86807376376893,230.41435207556322
-16.303113067889534,-99.77317077122588,-132.48704441182198,207.65470336245102,258.28417354165373
37.57847822150033,-92.82667252265713,-152.61806694803738,190.85056606856148,288.7090622889528
-82.26892668398824,-106.86657395901014,-147.25237700291584,223.28019286345483,235.5027396763783
-29.332724894069788,-160.98578442770653,-134.13627775467333,183.11266180414114,259.92529285117735
-85.26097995186487,-129.4113716355399,-218.51190754827886,194.94695045990912,261.0759554559843
-33.820635972125544,-94.39780810997313,-200.92857226147441,136.52719414218507,228.68405029930352
-187.9370987454747,-152.3061554749572,-179.6701808219788,256.42282320958674,269.61719529982634
-46.325406641375224,-139.24676559087715,-170.4428894609653,179.6569108825117,238.85252908419517
24.327187959693298,-107.28515933696418,-174.65994398062335,216.00145662942523,284.46250197910973
-15.300827419109178,-92.41914321605887,-193.9988839019173,117.72617850340151,245.02466865017794
38.60800195497857,-162.8696343964413,-192.47992060422285,144.47717110703334,270.9897051309508
37.642977182112894,-139.41157512687323,-193.4221332218488,237.29557013432776,242.6702926475433
-46.79985041029329,-151.06315396949918,-246.60551633306912,161.79599385640432,286.35902486552686
21.82065810971376,-120.18447253159698,-194.00758857200023,61.79804973909544,265.8247898644944
29.608050420005796,-161.58646846561916,-160.95031000116305,227.50447025429588,282.548835746741
1.191438728079639,-114.84792277612098,-196.5748919725602,161.17770614335774,284.25997329720457
-27.97543536360155,-132.58420357830778,-177.06452196202974,79.40239298520946,281.7691692171446
18.349932067597926,-92.35370883753713,-243.74500496168758,149.7680686047026,188.96408445265124
-20.71255026813982,-118.3259618446624,-217.13392243566773,230.40358130729027,225.52071222645677
9.960256056854437,-131.3712408803828,-203.9739011112839,243.2510164868155,246.9532857174183
-45.89497653505871,-173.93097747116158,-182.63413011372126,186.75928581796163,275.68544828888315
7.020746223435195,-107.51069360026335,-148.67524159151887,127.39461079053766,254.61416652508285
-3.0381847984203296,-171.21788500804826,-146.97874871978604,167.192683886589,276.31915952254514
-2.117694252410902,-230.44786997394166,-147.78725102667576,154.9997825790224,174.0809491387186
54.21345782351769,-204.7935134641235,-143.47510286032897,223.69903848326575,272.1552178795114
17.66681937234971,-167.7743532922095,-146.49163431687538,183.68416680983103,218.95488811483423
2.221111135574598,-122.99575476517535,-156.68163176415825,197.5162888519689,247.20476883711723
46.61770904462161,-137.91139358699107,-154.52737529011003,172.69811967848727,236.3319528142216
-15.67014620901305,-121.50923814312091,-165.00037523826887,255.02542151655607,244.3953224570898
87.77813686954605,-111.27533976147838,-173.8781901463181,270.66591156123815,268.9392284126546
-0.3242821757855315,-93.2325503266494,-149.59130791162198,253.8590028221988,261.28920373957266
25.1253121003616,-140.7304983655973,-154.7017336469678,205.54335784898097,245.7179976118632
60.50053144534095,-139.44608776827582,-180.51324792773102,160.17633615898592,256.76018107427024
51.78105318980913,-136.60274484666496,-221.02252083992698,199.85561224294656,277.2857561539459
14.657359021122625,-239.16680294769262,-219.798808212878,230.37106823897892,256.72731033135443
18.371054176928343,-161.10409214599892,-190.48769503301892,237.84032665739264,264.33864489331836
51.44218805208289,-91.5645261791637,-183.60495483751026,171.40590176053396,245.29967192486222
75.51509258203743,-121.79587645292993,-193.73820225997116,163.94562000865017,282.5767434927563
-1.261316884376967,-104.91072371286108,-270.7843650642302,135.72564572502273,207.9815082849934
11.716302655214893,-137.9805359704768,-255.55335635919664,177.9336100248564,217.91271386627403
29.97745616237168,-90.03051667657799,-268.58239174787684,121.9846921266816,274.6382512870338
11.043520587591132,-131.06350328397625,-222.65541036726353,224.31159139316864,278.3147148264392
-0.46518655414522725,-106.14465411629946,-225.84369119676535,174.58937936205163,229.27570289767786
24.479325456022533,-95.93665144086381,-131.003194605064,224.7240361229919,280.3307447610425
33.90422444048523,-113.1947468702919,-222.7742849790681,161.5536901844969,252.71748911632162
35.51834141005664,-150.34234701687402,-279.1287218721793,236.5783617544242,241.5806312188234
-47.56340152029844,-121.6689084946333,-192.10620647427476,204.34005022096537,287.45472450125965
11.583014837876698,-131.20599187185448,-211.5301448783041,233.26601311313766,269.9225044635949
21.173229068195823,-135.16025383324174,-203.80712035853944,180.62107065064757,270.44244240889043
24.112399280765125,-108.91504688522464,-179.36101151704298,35.67620996003261,253.81630131539723
66.11555008118827,-88.9154317156664,-175.80038332550964,217.81150464819513,288.0545526939044
56.58403177222398,-172.90479975442045,-146.93846100886057,203.44591898738162,248.19364781214006
18.175765979868938,-126.41819871121919,-180.00528929427693,216.11845317124076,286.2363374809594
19.076810191962444,-104.76491640719652,-213.1023845162236,194.96467546460485,217.44110732905665
27.124186059283616,-165.21235700849923,-148.1340703912946,250.80097773617013,237.07953507882604
-8.49157153697362,-99.43592892995599,-140.93246252157215,217.1465205144958,270.68429172837347
-1.4170936870480269,-165.3061561832848,-187.1920403281349,190.2455538921182,216.25612358358666
22.842765630335595,-122.18348403453675,-224.32691788029243,233.39635897436125,282.31258880308513
58.43648019943469,-144.7303955496784,-234.68333859302578,171.34550417968663,279.671495086917
96.12946755396351,-73.31790055754834,-210.652011862086,189.5658826222311,222.30091196629178
116.86138719226265,-136.918871166729,-198.06670958577308,174.1293945858011,189.97074360811422
114.48050372646534,-93.77631069861837,-253.00444553260508,104.44679108020733,223.97322470352972
-1.9676730110491605,-92.5277456730297,-155.04502015516587,200.9834317538507,248.40133003494458
26.64807454487184,-165.02701899690365,-226.22410274918832,180.1548997723889,257.9408885776457
71.61740526377439,-100.89195326975565,-255.88467690368964,108.09659043441239,281.1006587221824
55.33950172127236,-118.66904815492946,-231.25784344779532,188.79361376425481,285.2546017492219
25.857753676736106,-106.44259498052145,-195.91595556167022,171.05941643906576,287.75624149848477
163.37236537700954,-158.42186369272457,-213.8595806397625,87.98660155259199,278.51010890998253
21.625590042161978,-108.365407621803,-177.81589548370417,268.44137072955243,295.57101138139546
58.82218545836825,-122.73688479266762,-191.7355948940505,235.0012946343306,227.40430730611638
54.906413635890395,-120.39149089320311,-198.29905266701638,248.93558571122335,278.8135990336636
58.961968946659205,-143.99274301321427,-195.56888687613065,119.54684774855338,280.43399586456354
49.23722135148677,-131.1307342153026,-147.29252377631042,197.3855241481494,274.8694766249739
55.6797439803191,-142.40148570239754,-208.48659057501956,222.5860134401321,281.4368690658835
10.34474144182619,-120.27159450249573,-221.16882816136632,159.36424456078032,278.18740117924597
-24.183647877445285,-173.2311293149396,-212.36767919294877,131.55289356562417,219.80920959679577
67.88151078171916,-139.87439979997527,-207.95929954755894,171.57041646139592,259.0920991619889
48.051186147721914,-111.19198666769566,-154.43857422672707,81.58538165358324,282.0588614317391
-10.999982666430775,-80.8853438550455,-165.48642828679047,106.80708779533944,265.34664427776426
55.071076745278475,-140.09219350431528,-152.5881159288496,159.33616288774917,283.2370543447065
63.9018587943133,-93.20662092086705,-156.13266941189585,202.72649029901322,253.06640018434896
38.57332540297879,-84.56729434832997,-162.5491317587182,252.81542260916828,259.4329888355315
74.49682658664491,-75.55516043850474,-145.97214682441128,226.35310265968718,278.69416078354817
40.55878665244971,-64.45960638254971,-176.41351568924472,215.39111022130496,241.46336338321964
102.05308578768216,-153.5777947412204,-210.80205598994425,233.10247052448227,273.0480346529303
92.91543262754638,-107.20720613762137,-211.07523014071435,210.378072075607,267.6409053620025
97.82179087274062,-133.292134608868,-176.7775926225474,170.24309603920082,263.54009371457255
114.4509473176173,-88.26058333197274,-222.8524096180913,271.86586951072235,250.63769998358384
71.85444241266629,-89.86088475306234,-190.30841499574728,74.14742716420167,276.2799991038137
125.53624959907057,-52.766977213484616,-225.73027096883976,259.19715950302594,281.5319743463772
153.98159870921364,-146.9156217383901,-208.2588269074447,214.38965908189843,240.62267054637564
21.47794574609248,-134.3047075990369,-204.46341589870113,230.34115534166486,239.7091321406296
82.25770571614709,-91.08158895337723,-205.68633626179982,262.54911190026814,270.95503001383275
133.05478326892293,-78.27062266003685,-234.63660431832477,146.2410466233373,241.09692922367103
27.98806147038343,-98.93563611400755,-204.62970604040075,216.7741219540743,253.9819964117536
36.68164511571812,-100.08459154947683,-238.70850839648168,176.6217533558249,283.42203389384645
16.317471773618152,-115.59780062313015,-294.8302912358922,149.09664005868802,253.4234387375268
2.9465052899537554,-147.35582711427972,-270.60867929063255,209.52173395398475,279.9071565880731
40.17417770130681,-88.06237862998306,-317.9096912620322,224.74533510797437,235.0152977815206
65.81990186184562,-122.6396397948336,-179.4292922010756,74.02253127493299,293.1058454167089
78.79623088646446,-67.06731794442449,-209.70055519474553,119.06663686069493,272.15984399356284
93.8553320439962,-154.95363812377434,-244.2681602459995,83.5954574438177,287.1761668077856
25.82670349229399,-112.22649196227034,-237.37573947761547,144.21333585007224,204.33504825324522
34.549534361056246,-109.8706723950713,-247.4669258794453,175.1155399713179,226.47955720991828
57.75531618319159,-121.52549227593451,-195.6124511346451,262.8947966366697,234.49171915231346
8.30284440866906,-101.09161392194044,-223.56997350111453,121.76336605274325,214.11218426588243
12.677360707682135,-186.03891150529893,-205.38453959596305,144.95656335470682,187.89203879984936
58.786872310303266,-121.98512612417281,-302.7749745879006,176.49875477169562,281.8334613636743
112.7350067342162,-68.43295699707664,-248.67103494349752,209.61048022271768,276.137441679355
62.19493890407624,-73.7215221483668,-231.99438017386004,215.45427268167174,210.99627328307133
50.71780449830837,-96.5757834695857,-237.0771596621284,244.7816285875118,287.4822796984936
27.051107913091915,-80.58397038061386,-179.7022123897787,116.76869160335607,249.48518777798935
53.07439512035265,-102.45486877313144,-200.26960691053327,220.34101420463287,281.0834890665769
118.25824142685713,-136.39573078213238,-141.56622689323044,198.64755570939738,282.4370812836608
93.10016402097914,-96.69006173487477,-214.13957214957972,147.15633730872665,254.22643105512634
131.39774565246816,-175.5352969636141,-151.92806695985996,169.61504205521445,272.0925161475768
110.39087357455563,-70.00854736497853,-169.05788613838666,171.05030119024687,178.76493476374515
43.89563937123592,-81.4198431832236,-154.36816275744596,153.15707188642475,279.12960696228316
-77.17498687958508,-103.41560653124033,-129.91413893948217,181.15004007330072,273.63033518449674
97.41372245953391,-122.35451710016575,-171.3933311121309,172.3975227655434,285.8146334815684
121.63432826036873,-141.12051041750195,-200.2788089643184,151.5245224155621,287.68572671266054
153.16989966575602,-55.99817688254437,-201.5091409510457,261.50273518201743,280.101881459015
8.581975952646692,-100.61240486569504,-183.09064112231565,270.7725655656537,273.9205319971109
66.79088863133663,-87.2114100031079,-202.95961923147664,146.09201396532478,280.3772259493999
4.380612479452336,-136.01130232263534,-171.0153084830237,199.88979215048835,275.7992596506303
-11.238651416028349,-82.69379307969938,-196.11390183392402,229.3366738260131,287.18277802327907
28.35011358188396,-138.77414028892562,-189.01821432505886,255.15415596385165,262.94649578012366
69.86105419624252,-98.2169439576355,-195.16536991011364,273.42166712429963,254.69212658960197
39.60840705968402,-87.8118360943109,-195.60066348337827,-180.10190696068065,277.263437577957
29.54401626636779,-142.39800305510474,-154.3737561122349,187.32748841627983,280.63309843148187
63.46947085758684,-119.75624645564922,-181.21041061496948,208.0204098859835,239.00406158103806
59.85249818258072,-82.3982581403473,-199.2146340441762,230.59189964271368,279.6618647514154
68.23332885770152,-125.80408872995493,-171.41426665240104,192.78491977769664,246.73530813669942
52.57432546091825,-90.75220856225734,-127.8116524938433,252.52000995443902,270.27501232734824
124.65646718046864,-128.8160068086052,-182.7105812578993,119.23886279616103,254.3195676986643
122.45101697314269,-93.75096118331369,-166.33149545473455,164.47393673451887,282.00351875007556
130.34383629640055,-86.1073757311126,-173.22211336723956,154.074445563993,255.084352659466
55.375007709960585,-113.32266140200882,-151.63738965214083,246.53342592881376,282.9870939483894
31.925396690696317,-74.42190547100796,-232.64841954677917,204.00865023296524,261.47062465833096
29.177345201005203,-79.4935203306377,-143.24239277364595,141.90290007610898,275.99719920991595
116.29313433377506,-87.24972771737296,-196.58936879639074,204.50192289195044,284.1529361673753
72.29876461741324,-106.46998718597614,-158.62794404575473,215.14498648978383,285.66895323830767
108.61863777300454,-106.83937011719854,-151.14987213739016,188.72115521425283,222.9487625475681
83.87853190288251,-138.74974169258925,-161.91380772333295,212.35118464372846,276.31333142370477
42.48062591772394,-68.60207900717361,-144.91169512127735,234.35370186506287,258.257840272809
50.84725852622897,-138.90265767150166,-156.81868007308333,251.01975111835566,284.9946407577648
-60.25849322304955,-77.9105344487929,-134.1266675979691,163.0554692567978,274.5012953801399
19.533729662874165,-75.59076843298774,-134.82376857238555,150.61558123983312,292.43181841762373
23.17614319617803,-101.46741865289069,-132.25562254338678,240.7342131003615,274.0437253752184
45.933819406180504,-135.18055365108478,-178.27383450433447,228.91237401502005,292.61671459330245
69.09457872998728,-83.21563232610015,-153.19001404151723,267.072371621993,275.5735055304485
70.27290317227727,-124.86243725870563,-222.22677621343428,184.61769467797816,284.9568226018807
62.530191665341704,-98.93535250880936,-180.3762128199861,206.25210959588276,254.09357111911345
50.15638976965419,-103.13149989682636,-137.85867316996973,261.8938469655525,224.22838782228794
40.17071318571894,-107.84035748193077,-209.62298319323276,252.33747511103445,287.5753963419575
130.55167697382666,-126.8463786963622,-204.45599838770372,221.28621912436125,243.52133015391982
36.37946596747046,-123.16946924908517,-218.37642979700328,235.99644053281014,246.3067452277019
42.023007197855975,-79.20374827860338,-207.85678511678734,186.99451214852778,281.58424785457595
35.655227808572576,-73.34236605740622,-168.28047635010572,234.30920219090612,254.12049977950923
36.61628433778598,-77.72675276473204,-229.97476276054343,212.8378249900353,275.87480454659885
35.799687316668575,-79.5552455362808,-212.63643451989097,170.90892512748994,274.1098412753206
66.65091736694855,-103.79287152631036,-176.49510067070258,210.085311472447,225.83993523277726
102.37973754631024,-92.15901555723053,-156.06542935581257,225.97746430246565,291.29422049608536
137.83368743234496,-74.94605581910383,-229.71443978078221,260.6998571422198,277.57223117323633
130.1917083054658,-78.60387129366643,-204.11229423715588,161.2821103403637,284.19305000524673
76.51085382964993,-94.47533060867522,-299.86977169214964,206.06811074064447,264.17886213465476
39.009775917540686,-70.94173593022569,-279.06351072154746,173.25741696039188,255.20370198432548
77.29102428684557,-67.0565759523353,-257.5122990020668,234.03150753308572,278.44475788618706
42.84260544289037,-62.46812313824655,-216.67541880483114,137.57112905361546,253.31763220866782
-12.928408831103974,-62.004213769120454,-319.5752739324066,234.08964498665662,276.55641051458315
-12.646705091572406,-105.98957702463291,-317.2855320762873,271.16958606643556,283.16868342550845
104.8737428270714,-111.42416575253556,-197.11711280656672,197.55840237895453,289.66309347433037
57.09438878030132,-76.01470993694447,-224.69100946465244,247.53192838520448,277.60008308132115
33.522571374446095,-58.797386146144675,-216.55380665111926,236.22461916005932,285.75433757762636
53.935586750824086,-71.75741749276568,-189.87625813981094,175.91394017091287,280.82609012353834
67.63855073106092,-82.1501431082673,-177.57151778554817,204.68435255905845,279.97483929645875
105.58532914787907,-99.79621111896991,-199.02209272062572,142.6289097462504,256.1264978502226
34.52467224025545,-127.44399060563373,-173.431695572416,193.27108593487654,255.8460110391404
24.924405438185246,-90.856477326187,-201.40737546736904,102.70454343250441,260.1384910888015
47.20232568236535,-91.8043393308447,-234.80005306241924,232.5970026066359,265.0446543357118
31.808883454992756,-47.36158478774792,-218.8908672568604,263.15147792574106,290.60472544850865
134.37257001932625,-116.69381784034755,-227.4831456070657,242.56015299320455,284.2813142130848
8.060321088445859,-125.28401237403506,-235.64160357587966,82.14129936031131,261.66142749546043
103.82171523790316,-152.589953625068,-219.47866790872757,86.02511943741004,257.34544593366445
80.03150778896094,-71.9863521987073,-171.38207721677128,142.46593182316954,277.871256773555
138.36346201920276,-91.1224158542714,-202.38849388199245,207.68319469635165,280.06772354122853
57.85641363469926,-123.23464214773541,-162.61872412807523,223.4540192684002,256.6807723490264
35.6279123927054,-70.9861580681243,-223.12540053916965,215.9020045112718,284.8805539500534
